<?xml version="1.0" encoding="utf-8"?>
<labels xmlns="http://mulan.sourceforge.net/labels">
<label name="TAG_.imported"></label>
<label name="TAG_.net"></label>
<label name="TAG_2.0"></label>
<label name="TAG_2007"></label>
<label name="TAG_3d"></label>
<label name="TAG_??"></label>
<label name="TAG_???"></label>
<label name="TAG_????"></label>
<label name="TAG_academia"></label>
<label name="TAG_academic"></label>
<label name="TAG_access"></label>
<label name="TAG_accessibility"></label>
<label name="TAG_accessories"></label>
<label name="TAG_accounts"></label>
<label name="TAG_actionscript"></label>
<label name="TAG_activism"></label>
<label name="TAG_ad"></label>
<label name="TAG_addon"></label>
<label name="TAG_addons"></label>
<label name="TAG_admin"></label>
<label name="TAG_administration"></label>
<label name="TAG_adobe"></label>
<label name="TAG_ads"></label>
<label name="TAG_adsense"></label>
<label name="TAG_adult"></label>
<label name="TAG_advertising"></label>
<label name="TAG_advice"></label>
<label name="TAG_affiliate"></label>
<label name="TAG_agencies"></label>
<label name="TAG_agency"></label>
<label name="TAG_aggregator"></label>
<label name="TAG_agile"></label>
<label name="TAG_ai"></label>
<label name="TAG_air"></label>
<label name="TAG_airfare"></label>
<label name="TAG_airline"></label>
<label name="TAG_airlines"></label>
<label name="TAG_ajax"></label>
<label name="TAG_album"></label>
<label name="TAG_algorithm"></label>
<label name="TAG_algorithms"></label>
<label name="TAG_alternative"></label>
<label name="TAG_amazing"></label>
<label name="TAG_amazon"></label>
<label name="TAG_america"></label>
<label name="TAG_analysis"></label>
<label name="TAG_analytics"></label>
<label name="TAG_angst"></label>
<label name="TAG_animals"></label>
<label name="TAG_animation"></label>
<label name="TAG_anime"></label>
<label name="TAG_anonymous"></label>
<label name="TAG_anthropology"></label>
<label name="TAG_apache"></label>
<label name="TAG_apartment"></label>
<label name="TAG_api"></label>
<label name="TAG_app"></label>
<label name="TAG_apparel"></label>
<label name="TAG_apple"></label>
<label name="TAG_application"></label>
<label name="TAG_applications"></label>
<label name="TAG_apps"></label>
<label name="TAG_architecture"></label>
<label name="TAG_archive"></label>
<label name="TAG_archives"></label>
<label name="TAG_art"></label>
<label name="TAG_arte"></label>
<label name="TAG_article"></label>
<label name="TAG_articles"></label>
<label name="TAG_artist"></label>
<label name="TAG_artists"></label>
<label name="TAG_arts"></label>
<label name="TAG_asp"></label>
<label name="TAG_asp.net"></label>
<label name="TAG_astronomy"></label>
<label name="TAG_atom"></label>
<label name="TAG_au"></label>
<label name="TAG_audio"></label>
<label name="TAG_authentication"></label>
<label name="TAG_auto"></label>
<label name="TAG_automation"></label>
<label name="TAG_awards"></label>
<label name="TAG_awesome"></label>
<label name="TAG_backup"></label>
<label name="TAG_bags"></label>
<label name="TAG_baking"></label>
<label name="TAG_bands"></label>
<label name="TAG_bandslash"></label>
<label name="TAG_bank"></label>
<label name="TAG_banking"></label>
<label name="TAG_bargains"></label>
<label name="TAG_bbc"></label>
<label name="TAG_beauty"></label>
<label name="TAG_best"></label>
<label name="TAG_beta"></label>
<label name="TAG_bills"></label>
<label name="TAG_biology"></label>
<label name="TAG_bit200w07"></label>
<label name="TAG_bittorrent"></label>
<label name="TAG_blog"></label>
<label name="TAG_blogger"></label>
<label name="TAG_blogging"></label>
<label name="TAG_blogs"></label>
<label name="TAG_bluetooth"></label>
<label name="TAG_book"></label>
<label name="TAG_bookmark"></label>
<label name="TAG_bookmarking"></label>
<label name="TAG_bookmarks"></label>
<label name="TAG_books"></label>
<label name="TAG_boot"></label>
<label name="TAG_brain"></label>
<label name="TAG_brand"></label>
<label name="TAG_branding"></label>
<label name="TAG_brasil"></label>
<label name="TAG_broadband"></label>
<label name="TAG_browser"></label>
<label name="TAG_browsers"></label>
<label name="TAG_brushes"></label>
<label name="TAG_budget"></label>
<label name="TAG_build"></label>
<label name="TAG_building"></label>
<label name="TAG_buscadores"></label>
<label name="TAG_business"></label>
<label name="TAG_button"></label>
<label name="TAG_buttons"></label>
<label name="TAG_buy"></label>
<label name="TAG_c"></label>
<label name="TAG_c#"></label>
<label name="TAG_c++"></label>
<label name="TAG_calculator"></label>
<label name="TAG_calendar"></label>
<label name="TAG_camera"></label>
<label name="TAG_cameras"></label>
<label name="TAG_canada"></label>
<label name="TAG_car"></label>
<label name="TAG_card"></label>
<label name="TAG_cards"></label>
<label name="TAG_career"></label>
<label name="TAG_careers"></label>
<label name="TAG_cars"></label>
<label name="TAG_cartoon"></label>
<label name="TAG_cartoons"></label>
<label name="TAG_catalog"></label>
<label name="TAG_cd"></label>
<label name="TAG_celebrity"></label>
<label name="TAG_cell"></label>
<label name="TAG_cellphone"></label>
<label name="TAG_charity"></label>
<label name="TAG_chart"></label>
<label name="TAG_charts"></label>
<label name="TAG_chat"></label>
<label name="TAG_cheap"></label>
<label name="TAG_cheatsheet"></label>
<label name="TAG_children"></label>
<label name="TAG_china"></label>
<label name="TAG_chinese"></label>
<label name="TAG_cinema"></label>
<label name="TAG_cities"></label>
<label name="TAG_city"></label>
<label name="TAG_clean"></label>
<label name="TAG_cli"></label>
<label name="TAG_client"></label>
<label name="TAG_climate"></label>
<label name="TAG_clipart"></label>
<label name="TAG_clothes"></label>
<label name="TAG_clothing"></label>
<label name="TAG_cms"></label>
<label name="TAG_cocoa"></label>
<label name="TAG_code"></label>
<label name="TAG_codec"></label>
<label name="TAG_coding"></label>
<label name="TAG_collaboration"></label>
<label name="TAG_collection"></label>
<label name="TAG_college"></label>
<label name="TAG_color"></label>
<label name="TAG_colors"></label>
<label name="TAG_colour"></label>
<label name="TAG_comedy"></label>
<label name="TAG_comic"></label>
<label name="TAG_comics"></label>
<label name="TAG_commands"></label>
<label name="TAG_commentary"></label>
<label name="TAG_communication"></label>
<label name="TAG_community"></label>
<label name="TAG_companies"></label>
<label name="TAG_company"></label>
<label name="TAG_compare"></label>
<label name="TAG_comparison"></label>
<label name="TAG_components"></label>
<label name="TAG_computer"></label>
<label name="TAG_computers"></label>
<label name="TAG_computing"></label>
<label name="TAG_conference"></label>
<label name="TAG_configuration"></label>
<label name="TAG_conservation"></label>
<label name="TAG_construction"></label>
<label name="TAG_consulting"></label>
<label name="TAG_consumer"></label>
<label name="TAG_content"></label>
<label name="TAG_control"></label>
<label name="TAG_conversion"></label>
<label name="TAG_convert"></label>
<label name="TAG_converter"></label>
<label name="TAG_cook"></label>
<label name="TAG_cooking"></label>
<label name="TAG_cool"></label>
<label name="TAG_copyright"></label>
<label name="TAG_course"></label>
<label name="TAG_courses"></label>
<label name="TAG_crack"></label>
<label name="TAG_crackfic"></label>
<label name="TAG_craft"></label>
<label name="TAG_crafts"></label>
<label name="TAG_crafty"></label>
<label name="TAG_creative"></label>
<label name="TAG_creativecommons"></label>
<label name="TAG_creativity"></label>
<label name="TAG_crypto"></label>
<label name="TAG_cryptography"></label>
<label name="TAG_cs"></label>
<label name="TAG_csharp"></label>
<label name="TAG_css"></label>
<label name="TAG_cuisine"></label>
<label name="TAG_culture"></label>
<label name="TAG_custom"></label>
<label name="TAG_cute"></label>
<label name="TAG_daily"></label>
<label name="TAG_data"></label>
<label name="TAG_database"></label>
<label name="TAG_databases"></label>
<label name="TAG_db"></label>
<label name="TAG_deals"></label>
<label name="TAG_debian"></label>
<label name="TAG_debug"></label>
<label name="TAG_debugging"></label>
<label name="TAG_decor"></label>
<label name="TAG_decorating"></label>
<label name="TAG_del.icio.us"></label>
<label name="TAG_delicious"></label>
<label name="TAG_deployment"></label>
<label name="TAG_design"></label>
<label name="TAG_designer"></label>
<label name="TAG_designers"></label>
<label name="TAG_desktop"></label>
<label name="TAG_deutsch"></label>
<label name="TAG_dev"></label>
<label name="TAG_developer"></label>
<label name="TAG_development"></label>
<label name="TAG_dhtml"></label>
<label name="TAG_dictionaries"></label>
<label name="TAG_dictionary"></label>
<label name="TAG_diet"></label>
<label name="TAG_digg"></label>
<label name="TAG_digital"></label>
<label name="TAG_directories"></label>
<label name="TAG_directory"></label>
<label name="TAG_discount"></label>
<label name="TAG_dise?o"></label>
<label name="TAG_dise\~no"></label>
<label name="TAG_distributed"></label>
<label name="TAG_distribution"></label>
<label name="TAG_distro"></label>
<label name="TAG_divx"></label>
<label name="TAG_diy"></label>
<label name="TAG_dj"></label>
<label name="TAG_django"></label>
<label name="TAG_dns"></label>
<label name="TAG_doc"></label>
<label name="TAG_docs"></label>
<label name="TAG_document"></label>
<label name="TAG_documentary"></label>
<label name="TAG_documentation"></label>
<label name="TAG_dom"></label>
<label name="TAG_domain"></label>
<label name="TAG_dotnet"></label>
<label name="TAG_download"></label>
<label name="TAG_downloads"></label>
<label name="TAG_drawing"></label>
<label name="TAG_drivers"></label>
<label name="TAG_dvd"></label>
<label name="TAG_e-commerce"></label>
<label name="TAG_e-learning"></label>
<label name="TAG_e-mail"></label>
<label name="TAG_earth"></label>
<label name="TAG_earthside"></label>
<label name="TAG_ebook"></label>
<label name="TAG_ebooks"></label>
<label name="TAG_eclipse"></label>
<label name="TAG_eco"></label>
<label name="TAG_ecology"></label>
<label name="TAG_ecommerce"></label>
<label name="TAG_economics"></label>
<label name="TAG_economy"></label>
<label name="TAG_editing"></label>
<label name="TAG_editor"></label>
<label name="TAG_edtech"></label>
<label name="TAG_education"></label>
<label name="TAG_educational"></label>
<label name="TAG_effects"></label>
<label name="TAG_elearning"></label>
<label name="TAG_electronic"></label>
<label name="TAG_electronics"></label>
<label name="TAG_email"></label>
<label name="TAG_embedded"></label>
<label name="TAG_employment"></label>
<label name="TAG_emulation"></label>
<label name="TAG_emulator"></label>
<label name="TAG_encoding"></label>
<label name="TAG_encryption"></label>
<label name="TAG_encyclopedia"></label>
<label name="TAG_energy"></label>
<label name="TAG_engine"></label>
<label name="TAG_engineering"></label>
<label name="TAG_english"></label>
<label name="TAG_enterprise"></label>
<label name="TAG_entertainment"></label>
<label name="TAG_entrepreneur"></label>
<label name="TAG_entrepreneurship"></label>
<label name="TAG_environment"></label>
<label name="TAG_environmental"></label>
<label name="TAG_essay"></label>
<label name="TAG_essays"></label>
<label name="TAG_europe"></label>
<label name="TAG_events"></label>
<label name="TAG_evolution"></label>
<label name="TAG_example"></label>
<label name="TAG_examples"></label>
<label name="TAG_exercise"></label>
<label name="TAG_experimental"></label>
<label name="TAG_extension"></label>
<label name="TAG_extensions"></label>
<label name="TAG_family"></label>
<label name="TAG_fanfic"></label>
<label name="TAG_fanfiction"></label>
<label name="TAG_fantasy"></label>
<label name="TAG_faq"></label>
<label name="TAG_fashion"></label>
<label name="TAG_feed"></label>
<label name="TAG_feeds"></label>
<label name="TAG_fic"></label>
<label name="TAG_fiction"></label>
<label name="TAG_file"></label>
<label name="TAG_files"></label>
<label name="TAG_filesharing"></label>
<label name="TAG_filesystem"></label>
<label name="TAG_film"></label>
<label name="TAG_films"></label>
<label name="TAG_finance"></label>
<label name="TAG_finances"></label>
<label name="TAG_financial"></label>
<label name="TAG_firefox"></label>
<label name="TAG_firewall"></label>
<label name="TAG_first-time"></label>
<label name="TAG_firsttime"></label>
<label name="TAG_fitness"></label>
<label name="TAG_flash"></label>
<label name="TAG_flex"></label>
<label name="TAG_flickr"></label>
<label name="TAG_flight"></label>
<label name="TAG_flights"></label>
<label name="TAG_flv"></label>
<label name="TAG_fob"></label>
<label name="TAG_folksonomy"></label>
<label name="TAG_font"></label>
<label name="TAG_fonts"></label>
<label name="TAG_food"></label>
<label name="TAG_foodblog"></label>
<label name="TAG_foodblogs"></label>
<label name="TAG_form"></label>
<label name="TAG_forms"></label>
<label name="TAG_forum"></label>
<label name="TAG_forums"></label>
<label name="TAG_foto"></label>
<label name="TAG_fotografia"></label>
<label name="TAG_fotos"></label>
<label name="TAG_framework"></label>
<label name="TAG_frameworks"></label>
<label name="TAG_france"></label>
<label name="TAG_free"></label>
<label name="TAG_freedom"></label>
<label name="TAG_freelance"></label>
<label name="TAG_freeware"></label>
<label name="TAG_french"></label>
<label name="TAG_friday"></label>
<label name="TAG_friends"></label>
<label name="TAG_fuentes"></label>
<label name="TAG_fun"></label>
<label name="TAG_funny"></label>
<label name="TAG_furniture"></label>
<label name="TAG_future"></label>
<label name="TAG_gadget"></label>
<label name="TAG_gadgets"></label>
<label name="TAG_gallery"></label>
<label name="TAG_game"></label>
<label name="TAG_gamedev"></label>
<label name="TAG_games"></label>
<label name="TAG_gaming"></label>
<label name="TAG_gear"></label>
<label name="TAG_geek"></label>
<label name="TAG_gen"></label>
<label name="TAG_generator"></label>
<label name="TAG_geo"></label>
<label name="TAG_geography"></label>
<label name="TAG_geotagging"></label>
<label name="TAG_german"></label>
<label name="TAG_germany"></label>
<label name="TAG_gift"></label>
<label name="TAG_gifts"></label>
<label name="TAG_gis"></label>
<label name="TAG_global"></label>
<label name="TAG_gmail"></label>
<label name="TAG_gnome"></label>
<label name="TAG_gnu"></label>
<label name="TAG_google"></label>
<label name="TAG_googlemaps"></label>
<label name="TAG_gossip"></label>
<label name="TAG_government"></label>
<label name="TAG_gps"></label>
<label name="TAG_graffiti"></label>
<label name="TAG_grammar"></label>
<label name="TAG_graph"></label>
<label name="TAG_graphic"></label>
<label name="TAG_graphicdesign"></label>
<label name="TAG_graphics"></label>
<label name="TAG_graphs"></label>
<label name="TAG_gratis"></label>
<label name="TAG_greasemonkey"></label>
<label name="TAG_green"></label>
<label name="TAG_grid"></label>
<label name="TAG_gtd"></label>
<label name="TAG_gui"></label>
<label name="TAG_guide"></label>
<label name="TAG_guides"></label>
<label name="TAG_hack"></label>
<label name="TAG_hacking"></label>
<label name="TAG_hacks"></label>
<label name="TAG_hardware"></label>
<label name="TAG_health"></label>
<label name="TAG_help"></label>
<label name="TAG_het"></label>
<label name="TAG_history"></label>
<label name="TAG_holiday"></label>
<label name="TAG_home"></label>
<label name="TAG_homepage"></label>
<label name="TAG_hosting"></label>
<label name="TAG_hotel"></label>
<label name="TAG_hotels"></label>
<label name="TAG_house"></label>
<label name="TAG_household"></label>
<label name="TAG_housewares"></label>
<label name="TAG_housing"></label>
<label name="TAG_how-to"></label>
<label name="TAG_howto"></label>
<label name="TAG_hp"></label>
<label name="TAG_html"></label>
<label name="TAG_http"></label>
<label name="TAG_humor"></label>
<label name="TAG_humour"></label>
<label name="TAG_ia"></label>
<label name="TAG_icon"></label>
<label name="TAG_icons"></label>
<label name="TAG_ide"></label>
<label name="TAG_idea"></label>
<label name="TAG_ideas"></label>
<label name="TAG_identity"></label>
<label name="TAG_ie"></label>
<label name="TAG_illustration"></label>
<label name="TAG_illustrator"></label>
<label name="TAG_im"></label>
<label name="TAG_image"></label>
<label name="TAG_images"></label>
<label name="TAG_imported"></label>
<label name="TAG_independent"></label>
<label name="TAG_indie"></label>
<label name="TAG_industrial"></label>
<label name="TAG_info"></label>
<label name="TAG_information"></label>
<label name="TAG_innovation"></label>
<label name="TAG_inspiration"></label>
<label name="TAG_install"></label>
<label name="TAG_installation"></label>
<label name="TAG_intelligence"></label>
<label name="TAG_interaction"></label>
<label name="TAG_interactive"></label>
<label name="TAG_interesting"></label>
<label name="TAG_interface"></label>
<label name="TAG_interior"></label>
<label name="TAG_international"></label>
<label name="TAG_internet"></label>
<label name="TAG_interview"></label>
<label name="TAG_investing"></label>
<label name="TAG_investment"></label>
<label name="TAG_ip"></label>
<label name="TAG_ipod"></label>
<label name="TAG_iptv"></label>
<label name="TAG_it"></label>
<label name="TAG_itunes"></label>
<label name="TAG_j2ee"></label>
<label name="TAG_japan"></label>
<label name="TAG_japanese"></label>
<label name="TAG_java"></label>
<label name="TAG_javascript"></label>
<label name="TAG_jewelry"></label>
<label name="TAG_job"></label>
<label name="TAG_jobs"></label>
<label name="TAG_jobsearch"></label>
<label name="TAG_jogos"></label>
<label name="TAG_john/rodney"></label>
<label name="TAG_johnsheppard"></label>
<label name="TAG_journal"></label>
<label name="TAG_journalism"></label>
<label name="TAG_journals"></label>
<label name="TAG_js"></label>
<label name="TAG_juegos"></label>
<label name="TAG_keyboard"></label>
<label name="TAG_keywords"></label>
<label name="TAG_kids"></label>
<label name="TAG_kitchen"></label>
<label name="TAG_knowledge"></label>
<label name="TAG_language"></label>
<label name="TAG_languages"></label>
<label name="TAG_laptop"></label>
<label name="TAG_law"></label>
<label name="TAG_layout"></label>
<label name="TAG_leadership"></label>
<label name="TAG_learn"></label>
<label name="TAG_learning"></label>
<label name="TAG_legal"></label>
<label name="TAG_lessons"></label>
<label name="TAG_liberal"></label>
<label name="TAG_libraries"></label>
<label name="TAG_library"></label>
<label name="TAG_life"></label>
<label name="TAG_lifehack"></label>
<label name="TAG_lifehacker"></label>
<label name="TAG_lifehacks"></label>
<label name="TAG_lifestyle"></label>
<label name="TAG_lighting"></label>
<label name="TAG_linguistics"></label>
<label name="TAG_links"></label>
<label name="TAG_linux"></label>
<label name="TAG_list"></label>
<label name="TAG_lists"></label>
<label name="TAG_literature"></label>
<label name="TAG_live"></label>
<label name="TAG_living"></label>
<label name="TAG_local"></label>
<label name="TAG_location"></label>
<label name="TAG_logic"></label>
<label name="TAG_logo"></label>
<label name="TAG_logos"></label>
<label name="TAG_london"></label>
<label name="TAG_long"></label>
<label name="TAG_mac"></label>
<label name="TAG_macintosh"></label>
<label name="TAG_macosx"></label>
<label name="TAG_magazine"></label>
<label name="TAG_magazines"></label>
<label name="TAG_mail"></label>
<label name="TAG_make"></label>
<label name="TAG_management"></label>
<label name="TAG_manual"></label>
<label name="TAG_map"></label>
<label name="TAG_mapas"></label>
<label name="TAG_mapping"></label>
<label name="TAG_maps"></label>
<label name="TAG_market"></label>
<label name="TAG_marketing"></label>
<label name="TAG_mashup"></label>
<label name="TAG_mashups"></label>
<label name="TAG_math"></label>
<label name="TAG_mathematics"></label>
<label name="TAG_maths"></label>
<label name="TAG_mckay/sheppard"></label>
<label name="TAG_mcshep"></label>
<label name="TAG_media"></label>
<label name="TAG_medical"></label>
<label name="TAG_medicine"></label>
<label name="TAG_memory"></label>
<label name="TAG_menu"></label>
<label name="TAG_messaging"></label>
<label name="TAG_metadata"></label>
<label name="TAG_microsoft"></label>
<label name="TAG_mind"></label>
<label name="TAG_misc"></label>
<label name="TAG_mit"></label>
<label name="TAG_mmorpg"></label>
<label name="TAG_mobile"></label>
<label name="TAG_moda"></label>
<label name="TAG_modern"></label>
<label name="TAG_monday"></label>
<label name="TAG_money"></label>
<label name="TAG_monitor"></label>
<label name="TAG_monitoring"></label>
<label name="TAG_motion"></label>
<label name="TAG_motiongraphics"></label>
<label name="TAG_motivation"></label>
<label name="TAG_movie"></label>
<label name="TAG_movies"></label>
<label name="TAG_mozilla"></label>
<label name="TAG_mp3"></label>
<label name="TAG_mp3blog"></label>
<label name="TAG_mp3s"></label>
<label name="TAG_msdn"></label>
<label name="TAG_multimedia"></label>
<label name="TAG_museum"></label>
<label name="TAG_music"></label>
<label name="TAG_musica"></label>
<label name="TAG_musik"></label>
<label name="TAG_mvc"></label>
<label name="TAG_myspace"></label>
<label name="TAG_mysql"></label>
<label name="TTAG_m\'usica"></label>
<label name="TAG_nature"></label>
<label name="TAG_navigation"></label>
<label name="TAG_nc-17"></label>
<label name="TAG_nc17"></label>
<label name="TAG_network"></label>
<label name="TAG_networking"></label>
<label name="TAG_networks"></label>
<label name="TAG_new"></label>
<label name="TAG_news"></label>
<label name="TAG_newspaper"></label>
<label name="TAG_newspapers"></label>
<label name="TAG_newyork"></label>
<label name="TAG_nintendo"></label>
<label name="TAG_nokia"></label>
<label name="TAG_nonprofit"></label>
<label name="TAG_notes"></label>
<label name="TAG_nutrition"></label>
<label name="TAG_nyc"></label>
<label name="TAG_office"></label>
<label name="TAG_online"></label>
<label name="TAG_oop"></label>
<label name="TAG_open"></label>
<label name="TAG_open-source"></label>
<label name="TAG_opensource"></label>
<label name="TAG_opinion"></label>
<label name="TAG_optimization"></label>
<label name="TAG_organic"></label>
<label name="TAG_organization"></label>
<label name="TAG_os"></label>
<label name="TAG_oss"></label>
<label name="TAG_osx"></label>
<label name="TAG_p2p"></label>
<label name="TAG_painting"></label>
<label name="TAG_palm"></label>
<label name="TAG_paper"></label>
<label name="TAG_parody"></label>
<label name="TAG_pattern"></label>
<label name="TAG_patterns"></label>
<label name="TAG_pc"></label>
<label name="TAG_pda"></label>
<label name="TAG_pdf"></label>
<label name="TAG_people"></label>
<label name="TAG_performance"></label>
<label name="TAG_perl"></label>
<label name="TAG_personal"></label>
<label name="TAG_philosophy"></label>
<label name="TAG_phone"></label>
<label name="TAG_phones"></label>
<label name="TAG_photo"></label>
<label name="TAG_photographer"></label>
<label name="TAG_photographers"></label>
<label name="TAG_photography"></label>
<label name="TAG_photos"></label>
<label name="TAG_photoshop"></label>
<label name="TAG_php"></label>
<label name="TAG_physics"></label>
<label name="TAG_pics"></label>
<label name="TAG_picture"></label>
<label name="TAG_pictures"></label>
<label name="TAG_planning"></label>
<label name="TAG_player"></label>
<label name="TAG_plugin"></label>
<label name="TAG_plugins"></label>
<label name="TAG_pocketpc"></label>
<label name="TAG_podcast"></label>
<label name="TAG_podcasting"></label>
<label name="TAG_podcasts"></label>
<label name="TAG_policy"></label>
<label name="TAG_political"></label>
<label name="TAG_politics"></label>
<label name="TAG_porn"></label>
<label name="TAG_portable"></label>
<label name="TAG_portal"></label>
<label name="TAG_portfolio"></label>
<label name="TAG_portfolios"></label>
<label name="TAG_posters"></label>
<label name="TAG_power"></label>
<label name="TAG_ppc"></label>
<label name="TAG_presentation"></label>
<label name="TAG_presentations"></label>
<label name="TAG_print"></label>
<label name="TAG_printing"></label>
<label name="TAG_privacy"></label>
<label name="TAG_process"></label>
<label name="TAG_product"></label>
<label name="TAG_productivity"></label>
<label name="TAG_products"></label>
<label name="TAG_programming"></label>
<label name="TAG_progressive"></label>
<label name="TAG_project"></label>
<label name="TAG_projectmanagement"></label>
<label name="TAG_projects"></label>
<label name="TAG_propaganda"></label>
<label name="TAG_prototype"></label>
<label name="TAG_proxy"></label>
<label name="TAG_psychology"></label>
<label name="TAG_public"></label>
<label name="TAG_publishing"></label>
<label name="TAG_puzzle"></label>
<label name="TAG_puzzles"></label>
<label name="TAG_pvr"></label>
<label name="TAG_python"></label>
<label name="TAG_quiz"></label>
<label name="TAG_quotes"></label>
<label name="TAG_r"></label>
<label name="TAG_radio"></label>
<label name="TAG_rails"></label>
<label name="TAG_random"></label>
<label name="TAG_ranking"></label>
<label name="TAG_read"></label>
<label name="TAG_reader"></label>
<label name="TAG_reading"></label>
<label name="TAG_realestate"></label>
<label name="TAG_recipe"></label>
<label name="TAG_recipes"></label>
<label name="TAG_recommendations"></label>
<label name="TAG_recording"></label>
<label name="TAG_recovery"></label>
<label name="TAG_recs"></label>
<label name="TAG_recursos"></label>
<label name="TAG_reference"></label>
<label name="TAG_religion"></label>
<label name="TAG_remote"></label>
<label name="TAG_repair"></label>
<label name="TAG_repository"></label>
<label name="TAG_research"></label>
<label name="TAG_resource"></label>
<label name="TAG_resources"></label>
<label name="TAG_rest"></label>
<label name="TAG_restaurant"></label>
<label name="TAG_restaurants"></label>
<label name="TAG_retail"></label>
<label name="TAG_retro"></label>
<label name="TAG_review"></label>
<label name="TAG_reviews"></label>
<label name="TAG_rock"></label>
<label name="TAG_rodneymckay"></label>
<label name="TAG_ror"></label>
<label name="TAG_router"></label>
<label name="TAG_rpg"></label>
<label name="TAG_rps"></label>
<label name="TAG_rss"></label>
<label name="TAG_ruby"></label>
<label name="TAG_rubyonrails"></label>
<label name="TAG_safari"></label>
<label name="TAG_safari_export"></label>
<label name="TAG_sam/dean"></label>
<label name="TAG_satire"></label>
<label name="TAG_scalability"></label>
<label name="TAG_school"></label>
<label name="TAG_science"></label>
<label name="TAG_scifi"></label>
<label name="TAG_scm"></label>
<label name="TAG_screen"></label>
<label name="TAG_script"></label>
<label name="TAG_scripting"></label>
<label name="TAG_scripts"></label>
<label name="TAG_search"></label>
<label name="TAG_searchengine"></label>
<label name="TAG_searchengines"></label>
<label name="TAG_security"></label>
<label name="TAG_sem"></label>
<label name="TAG_seo"></label>
<label name="TAG_series"></label>
<label name="TAG_server"></label>
<label name="TAG_service"></label>
<label name="TAG_services"></label>
<label name="TAG_setup"></label>
<label name="TAG_sex"></label>
<label name="TAG_sf"></label>
<label name="TAG_sga"></label>
<label name="TAG_share"></label>
<label name="TAG_shareware"></label>
<label name="TAG_sharing"></label>
<label name="TAG_shell"></label>
<label name="TAG_sheppard/mckay"></label>
<label name="TAG_shirts"></label>
<label name="TAG_shoes"></label>
<label name="TAG_shop"></label>
<label name="TAG_shopping"></label>
<label name="TAG_shops"></label>
<label name="TAG_showcase"></label>
<label name="TAG_shows"></label>
<label name="TAG_simulation"></label>
<label name="TAG_site"></label>
<label name="TAG_skype"></label>
<label name="TAG_slash"></label>
<label name="TAG_slideshow"></label>
<label name="TAG_sms"></label>
<label name="TAG_sns"></label>
<label name="TAG_social"></label>
<label name="TAG_socialnetwork"></label>
<label name="TAG_socialnetworking"></label>
<label name="TAG_socialsoftware"></label>
<label name="TAG_society"></label>
<label name="TAG_sociology"></label>
<label name="TAG_software"></label>
<label name="TAG_solar"></label>
<label name="TAG_sound"></label>
<label name="TAG_source"></label>
<label name="TAG_space"></label>
<label name="TAG_spam"></label>
<label name="TAG_spanish"></label>
<label name="TAG_speed"></label>
<label name="TAG_spn"></label>
<label name="TAG_sport"></label>
<label name="TAG_sports"></label>
<label name="TAG_sql"></label>
<label name="TAG_ssh"></label>
<label name="TAG_standards"></label>
<label name="TAG_startup"></label>
<label name="TAG_stationery"></label>
<label name="TAG_statistics"></label>
<label name="TAG_stats"></label>
<label name="TAG_stock"></label>
<label name="TAG_stocks"></label>
<label name="TAG_storage"></label>
<label name="TAG_store"></label>
<label name="TAG_stores"></label>
<label name="TAG_strategy"></label>
<label name="TAG_stream"></label>
<label name="TAG_streaming"></label>
<label name="TAG_street"></label>
<label name="TAG_studio"></label>
<label name="TAG_study"></label>
<label name="TAG_stuff"></label>
<label name="TAG_style"></label>
<label name="TAG_subversion"></label>
<label name="TAG_sun"></label>
<label name="TAG_supernatural"></label>
<label name="TAG_support"></label>
<label name="TAG_sustainability"></label>
<label name="TAG_sustainable"></label>
<label name="TAG_svn"></label>
<label name="TAG_sync"></label>
<label name="TAG_syndication"></label>
<label name="TAG_sysadmin"></label>
<label name="TAG_system"></label>
<label name="TAG_t-shirt"></label>
<label name="TAG_t-shirts"></label>
<label name="TAG_tag"></label>
<label name="TAG_tagging"></label>
<label name="TAG_tags"></label>
<label name="TAG_tdd"></label>
<label name="TAG_teaching"></label>
<label name="TAG_tech"></label>
<label name="TAG_technique"></label>
<label name="TAG_technology"></label>
<label name="TAG_telephone"></label>
<label name="TAG_telephony"></label>
<label name="TAG_television"></label>
<label name="TAG_template"></label>
<label name="TAG_templates"></label>
<label name="TAG_test"></label>
<label name="TAG_testing"></label>
<label name="TAG_text"></label>
<label name="TAG_theme"></label>
<label name="TAG_themes"></label>
<label name="TAG_theory"></label>
<label name="TAG_thinking"></label>
<label name="TAG_tickets"></label>
<label name="TAG_time"></label>
<label name="TAG_tipografia"></label>
<label name="TAG_tips"></label>
<label name="TAG_todo"></label>
<label name="TAG_tool"></label>
<label name="TAG_tools"></label>
<label name="TAG_top"></label>
<label name="TAG_toread"></label>
<label name="TAG_torrent"></label>
<label name="TAG_torrents"></label>
<label name="TAG_toys"></label>
<label name="TAG_tracking"></label>
<label name="TAG_trading"></label>
<label name="TAG_traffic"></label>
<label name="TAG_training"></label>
<label name="TAG_translation"></label>
<label name="TAG_transport"></label>
<label name="TAG_transportation"></label>
<label name="TAG_travel"></label>
<label name="TAG_trends"></label>
<label name="TAG_tricks"></label>
<label name="TAG_tshirt"></label>
<label name="TAG_tshirts"></label>
<label name="TAG_tutorial"></label>
<label name="TAG_tutorials"></label>
<label name="TAG_tv"></label>
<label name="TAG_tweak"></label>
<label name="TAG_tweaks"></label>
<label name="TAG_twitter"></label>
<label name="TAG_type"></label>
<label name="TAG_typo"></label>
<label name="TAG_typography"></label>
<label name="TAG_ubuntu"></label>
<label name="TAG_ui"></label>
<label name="TAG_uk"></label>
<label name="TAG_unix"></label>
<label name="TAG_unread"></label>
<label name="TAG_upload"></label>
<label name="TAG_urban"></label>
<label name="TAG_us"></label>
<label name="TAG_usa"></label>
<label name="TAG_usability"></label>
<label name="TAG_usb"></label>
<label name="TAG_useful"></label>
<label name="TAG_utilities"></label>
<label name="TAG_utility"></label>
<label name="TAG_vacation"></label>
<label name="TAG_vector"></label>
<label name="TAG_vegan"></label>
<label name="TAG_vegetarian"></label>
<label name="TAG_video"></label>
<label name="TAG_videogames"></label>
<label name="TAG_videos"></label>
<label name="TAG_vintage"></label>
<label name="TAG_viral"></label>
<label name="TAG_virtual"></label>
<label name="TAG_virtualization"></label>
<label name="TAG_vista"></label>
<label name="TAG_visual"></label>
<label name="TAG_visualization"></label>
<label name="TAG_visualstudio"></label>
<label name="TAG_voip"></label>
<label name="TAG_w3c"></label>
<label name="TAG_wallpaper"></label>
<label name="TAG_wallpapers"></label>
<label name="TAG_war"></label>
<label name="TAG_warez"></label>
<label name="TAG_web"></label>
<label name="TAG_web2.0"></label>
<label name="TAG_webapp"></label>
<label name="TAG_webcomic"></label>
<label name="TAG_webcomics"></label>
<label name="TAG_webdesign"></label>
<label name="TAG_webdev"></label>
<label name="TAG_webdevelopment"></label>
<label name="TAG_weblog"></label>
<label name="TAG_weblogs"></label>
<label name="TAG_webmaster"></label>
<label name="TAG_webradio"></label>
<label name="TAG_webserver"></label>
<label name="TAG_webservice"></label>
<label name="TAG_webservices"></label>
<label name="TAG_website"></label>
<label name="TAG_webstandards"></label>
<label name="TAG_wedding"></label>
<label name="TAG_weekly"></label>
<label name="TAG_weird"></label>
<label name="TAG_widget"></label>
<label name="TAG_widgets"></label>
<label name="TAG_wifi"></label>
<label name="TAG_wiki"></label>
<label name="TAG_wikipedia"></label>
<label name="TAG_wikis"></label>
<label name="TAG_windows"></label>
<label name="TAG_wireless"></label>
<label name="TAG_wishlist"></label>
<label name="TAG_women"></label>
<label name="TAG_word"></label>
<label name="TAG_wordpress"></label>
<label name="TAG_words"></label>
<label name="TAG_work"></label>
<label name="TAG_world"></label>
<label name="TAG_wp"></label>
<label name="TAG_writing"></label>
<label name="TAG_xhtml"></label>
<label name="TAG_xml"></label>
<label name="TAG_xp"></label>
<label name="TAG_yahoo"></label>
<label name="TAG_youtube"></label>

</labels>